kod_shoptet;kod_flomat;nazev;nova_cena_s_dph;velkoobchodni_cena_s_dph;sklad_flomat;delka_popisu;stav
99006;85102030;Dekontaminační dezinfekční rohož (vana) na boty, obuv, podrážky FLOMA SD10 - délka 45,5 cm, šířka 57,5 cm, výška 11 cm;529.00;407.33;1000 a více;2450;aktualizovat
99007;56535251;Dekontaminační dezinfekční rohož (vana) na boty, obuv, podrážky FLOMA SD50 - délka 71,5 cm, šířka 35 cm, výška 3,3 cm;390.00;300.3;100 a více;1851;aktualizovat
99008;77332233;Dekontaminační dezinfekční rohož na boty, obuv, podrážky FLOMA SD70 - délka 60 cm, šířka 90 cm, výška 5 cm;1720.00;1238.4;100 a více;2594;aktualizovat
99009;88664422;Nerezová dekontaminační dezinfekční rohož (vana) na boty, obuv, podrážky a pro přejezd vozíků FLOMA SD-90 - délka 93 cm, šířka 83 cm, výška 2 cm;5390.00;4150.3;1;2807;aktualizovat
99010;81717248;Modrá lepicí dezinfekční dekontaminační rohož FLOMA Sticky Mat - délka 45 cm, šířka 90 cm - 60 listů;978.00;645.48;25 a více;3064;aktualizovat
99001;20066877;Pojezdová dekontaminační dezinfekční rohož (pás) pro motorová vozidla FLOMA WD10 - délka 400 cm, šířka 91 cm;;;;;neni ve feedu FLOMAT
99002;77775555;Pojezdová dekontaminační dezinfekční rohož (pás) pro motorová vozidla FLOMA WD20 - délka 500 cm, šířka 120 cm;;;;;neni ve feedu FLOMAT
99003;77778877;Průjezdná dekontaminační dezinfekční vana (pás) pro motorová vozidla FLOMA WD30 - délka 500 cm, šířka 100 cm, výška 3,5 cm;;;;;neni ve feedu FLOMAT
99004;77776677;Pojezdová dekontaminační dezinfekční rohož (pás) pro motorová vozidla FLOMA WD40 - délka 500 cm, šířka 100 cm, výška 3,5 cm;;;;;neni ve feedu FLOMAT
99005;77112233;Pojezdová dekontaminační dezinfekční rohož (pás) pro motorová vozidla FLOMA WD70 - délka 400 cm, šířka 85 cm, výška 5 cm;;;;;vyrazeno (EXCLUDE_CODES)
